{"MAE": 0.884404044062369, "MSE": 1.0868890418781132, "R2": -0.056431482315186354, "RMSE": 1.0425397075786194}